guest_id,0,1,2,3,4,5,6,7,8,9
2323,222271,96905,43333,101418,41555,50207,106533,188337,44042,109581
2629,53586,225185,54896,122039,54047,47605,108890,45134,45703,214252
5401,109559,41485,42471,40951,42565,109580,109557,109539,108892,40774
17544,222271,204559,41858,100871,96405,101418,43333,96905,188337,115823
24676,204559,64237,44135,53852,102867,160240,41573,48463,45521,188548
26385,158652,133782,194389,200792,41858,40450,54896,207770,45521,211488
28485,54167,114606,41552,79718,84447,114177,5739,100871,48321,41740
34031,41293,45374,49633,51476,50904,40762,48915,51818,52814,42513
35817,119714,48931,105057,208007,45985,51832,54164,198457,105928,52574
39605,222271,96405,3921,41743,111117,115823,106533,4177,214097,209745
64182,102643,222271,111117,115215,51815,101049,46173,64286,48489,50037
79505,41858,43333,115823,101418,108573,73012,42595,64238,41489,96405
81036,41435,70294,109537,42471,40951,40891,41205,40480,42565,40774
83604,108338,109557,109582,110093,109552,51839,108891,108066,109539,109583
87626,54896,50672,98882,43308,102650,97145,119289,53002,45347,41802
87810,41077,41304,40921,41503,40987,41032,43669,43670,49286,40088
89080,41555,109559,106533,40951,42471,41485,43627,40891,42565,42537
91087,41357,41340,41181,41444,41389,40163,41382,41342,45151,41130
93809,48337,43137,108686,50904,2996,41535,45654,41518,51869,48445
101393,41032,48584,96136,41304,113910,41173,96577,41027,56964,41911
111609,114606,45800,40446,51362,45578,123762,122484,110378,98882,182756
112388,46023,43654,105927,42896,48429,5211,45890,48030,40529,43935
117050,41858,51362,41489,19392,43568,114606,109559,41485,79709,47323
129491,160398,64145,47711,43568,106570,194680,41858,96136,71328,109559
135261,87982,83965,46058,102871,41858,214251,87984,41489,158652,167110
135997,5739,54167,143878,42546,160398,96405,109901,214251,34237,41743
136226,108890,158652,54896,46059,160240,45521,204559,5312,110378,207770
136528,41485,42471,109580,109557,108892,109539,42565,40951,109582,40774
141870,64237,43308,40159,237598,41858,58966,110411,19392,98882,220353
153866,83965,40663,87982,87984,158652,109578,62995,42563,66740,43568
164480,102402,104553,66925,102026,63515,102019,48960,53652,45168,100809
166646,64145,54167,41740,100871,114606,113910,115823,64238,96136,99094
167226,57577,45521,140651,101545,146946,106686,99162,49334,110813,5084
170051,110407,42596,100809,42778,124962,65073,79498,52605,52393,45421
171522,48033,41161,101326,53586,49659,99942,34237,95750,52811,47275
184788,222272,41485,40951,42471,40891,40480,40774,109559,42565,41174
185169,41552,40666,40627,241484,222271,110813,105395,42596,44036,40086
188881,40498,40091,234865,43005,41022,41369,40885,43127,45879,52333
200807,222271,42595,44037,42030,41759,49598,50678,75674,35947,4906
208060,48337,87984,83965,50622,116790,43137,42609,87982,40641,108890
213893,47712,5739,54167,114177,200792,100587,100398,101987,139488,92123
219630,116790,43139,42609,66909,67929,40511,66740,4739,42841,121387
229298,41485,109559,109537,40951,42471,40891,42565,40774,108892,40480
229373,41485,40951,40891,42471,40774,40480,42565,109559,41174,42537
248841,44046,101166,217738,241484,84447,207770,217737,111117,106533,217736
257123,100871,43568,160398,68409,63393,96405,45371,3921,42546,115008
257693,109559,42471,40951,42537,42565,41485,40891,42666,40518,42776
274699,84447,160240,158652,204557,204559,101166,169003,102871,40859,53852
280184,109559,41485,42471,40951,41489,40891,42565,40774,108892,40480
281897,41858,115823,53003,48584,101049,111117,107219,164330,53002,134459
283746,102402,104553,196300,53652,102019,45238,116230,40434,241484,45418
284894,54896,108890,47327,43667,225185,53704,46504,54047,44986,45151
285267,102650,107219,97145,95337,41802,41735,98882,97465,164330,119289
287303,64237,204559,45521,54149,44135,53585,48463,216225,175154,70345
288853,40985,41277,44008,5412,41858,222273,160589,105409,231018,97465
294427,41198,41032,40124,41173,41099,41052,41036,40970,41911,40611
307605,5412,102650,101049,41858,231018,45703,53002,43649,48584,41459
308996,100871,110407,41858,96405,68409,196468,87510,48717,64232,110515
318925,64145,41740,95734,52984,41802,48323,196647,43649,211599,241484
328027,48584,96577,41032,46061,41179,48186,41485,41802,40891,41205
330037,222271,241484,40666,44614,63515,44543,40746,41791,100809,44036
331804,53850,41969,43935,51159,96135,42574,45588,54261,52604,42896
335349,109559,41485,42471,40951,42565,109557,46426,42537,40774,40480
341462,40902,41444,93412,41389,41357,41080,41181,41220,41435,45151
342694,48337,217613,50622,51215,87984,43137,43094,40641,66740,88913
346795,57577,50672,99094,51362,99142,100871,131402,43308,100383,62559
348980,100871,40159,204559,110411,43308,113910,53852,58966,110058,58299
350518,45521,100871,45371,46059,88949,112711,110407,45519,88947,105290
361338,41489,41858,43568,63393,196518,108573,109581,46061,41555,101418
361788,40673,52393,101465,42566,66925,41274,203056,42596,42514,47289
362702,48186,114606,113910,48584,41027,53852,41032,96136,48317,41173
363620,41485,46061,40891,40951,41205,40480,40774,41174,42565,42471
371808,41858,199250,198277,194389,40450,222272,79713,87236,211488,98248
373990,41293,40762,46848,45374,51818,47313,40690,52814,100163,41343
377551,109559,42471,46426,42565,42537,109557,45957,40951,41485,109580
380076,41858,222271,111117,45894,3921,96405,160398,115823,71328,4177
380543,115823,41740,41858,48584,111117,96577,96136,43649,48323,220101
387625,54167,41552,114177,40159,5739,143878,150096,110058,114606,96136
389992,96412,96905,204559,53852,49668,87982,114606,41027,40856,100871
400615,19392,41858,51362,98882,43308,46061,79716,52924,50672,104340
402560,45957,46426,51839,109539,45763,48545,108338,41485,47377,110093
418789,133782,87990,110515,45521,96230,41858,140651,87510,222273,222272
419193,241484,48311,3917,99094,41548,40446,95734,41178,45131,51362
421691,57577,41485,109559,42471,108892,40951,40774,40891,42565,40480
429263,41485,41205,40891,40480,40951,41174,40774,42565,109539,38538
434137,48584,47330,46061,5412,106570,41485,97465,48753,56964,96577
435687,41485,109559,42471,42565,40951,40774,108892,42537,40480,109557
438096,41435,41503,41077,40767,40088,4095,43669,43349,48587,5084
438347,46059,53594,43867,42838,54163,5084,58299,208007,105924,198457
439113,43185,46501,42534,46848,41739,49732,47313,41343,40762,42513
458047,158652,46059,100871,87982,83965,66740,40724,204557,42563,110378
463817,41485,109559,42471,40951,42565,40774,109557,40480,108892,109539
465822,188548,40086,54219,40446,45523,98882,111419,51075,118648,3681
466727,225185,40985,44024,100234,222271,40945,47592,102647,122373,108890
467277,41489,43568,109559,41485,41858,46061,40951,42471,41555,40891
467970,110407,160398,48321,68409,65073,47326,54166,43568,111419,41552
486047,47327,93412,54896,104201,126349,104228,46504,106385,108890,43667
492669,41858,41485,109559,43568,46061,41489,40951,42471,40891,108892
494390,46061,41555,41489,47330,41485,41552,41566,48584,241484,109559
499368,41357,110408,47327,41441,45138,54896,109532,105949,41438,45151
513585,188337,40240,97465,48584,53002,108573,96577,95337,56969,45812
515319,48321,51155,51362,111419,187498,41552,602,99094,100871,44018
519803,167154,41858,218589,200792,209441,204558,205596,214078,188669,198062
524138,241484,160398,48321,64238,41552,3921,99094,100871,108481,64145
533904,43146,43147,48588,40155,40520,106570,41104,47523,41080,49679
539134,41858,41489,83965,47330,87984,48753,79709,214750,115823,41555
539590,45521,100871,194389,40450,41858,150096,200792,204558,214263,158652
546516,109559,41485,42471,40951,42565,40774,108892,40891,109580,42537
551641,108890,122485,204557,54896,4739,169003,160240,158652,40724,46059
554286,45957,40951,46426,40480,49055,41174,42565,40774,41205,38538
560185,41485,40951,42471,40774,40891,42565,40480,41174,42537,108892
568480,41485,109559,40951,42471,42565,40891,40774,108892,40480,109539
569565,122481,207770,4738,222105,225738,108890,188514,114804,70294,119582
569749,46059,158652,110515,45524,58299,43568,41858,83965,87982,45521
574930,41555,41173,41784,106533,96905,101166,46173,49631,43949,84447
577790,41858,222271,172435,106533,196518,108573,160589,222272,115823,96405
579295,46426,42471,42537,109559,45957,45522,40951,42565,40518,49731
593359,109559,46059,41485,109557,109539,109580,42471,42565,46426,109582
600281,44208,110408,102019,101250,100809,119103,166390,99893,33260,45421
601464,100871,113910,222271,41173,204559,41027,53852,40159,64237,42595
612391,109559,83965,41489,42471,87980,87984,79709,47312,42565,41485
635476,87984,83965,42471,109559,87980,79709,42537,42565,42666,41489
643103,50555,198457,5084,43296,40551,50902,43349,40119,41785,41401
647592,41181,56964,41444,48584,41435,48435,41032,217738,124331,41160
652674,231018,108573,107219,42595,58966,96069,52958,222273,100871,41858
657068,119136,48061,51658,51139,198274,41374,104228,40061,126349,106385
668546,98882,48186,114606,45578,40446,123762,53852,56969,48317,41027
681965,54164,46059,54163,105924,45996,52111,54155,5324,3767,105923
685211,51264,41858,54896,108890,204557,79709,83965,87984,41489,4739
685234,45521,43057,146946,48739,41401,50038,48033,41462,5084,40100
685744,41485,109559,42471,40951,40774,109539,40891,42565,40480,108892
689612,98882,53002,48584,40240,106565,99766,97145,41032,41304,48186
690939,40691,3926,38538,41240,40848,41396,41373,40883,41439,41512
699105,83965,87984,41489,87982,79709,109559,87980,42471,41485,40951
722970,51264,225185,204557,204558,45521,122039,45524,41858,64237,100063
725356,64237,44135,51264,160240,45521,19392,41573,41260,42080,49668
732036,41552,204559,114606,207770,53852,19392,79716,51362,216225,52924
732937,108890,51095,45421,44611,108686,100163,45645,50553,50927,52605
739663,45371,40945,105290,51203,50208,106956,52401,45775,94515,41056
740566,110411,48174,47593,100341,200414,121839,222207,237776,48775,95331
743211,41485,42471,40951,108892,42565,109580,40891,40774,109539,109557
744020,64238,222271,96905,114606,100871,41552,50207,96412,41756,188337
751811,222271,41277,40985,100810,2542,108573,196518,43333,96405,40945
769929,50904,45654,108686,44611,46823,2996,50553,51869,51095,100819
777229,42596,110407,100809,109559,42778,42471,4238,45545,41935,41746
787835,41489,109559,42471,40951,42537,42565,40518,42666,4238,41485
788290,48584,111619,47330,41264,106570,41485,40951,43627,41389,40891
805336,43132,41097,43126,108890,43129,45417,42841,42609,48337,42596
807056,40596,3938,44036,46577,42896,104553,47695,40434,87940,46568
810115,100809,102026,66925,102402,102019,45168,109559,102018,42596,33260
815973,113854,40061,51139,47696,51540,116524,48194,88913,40859,47711
821944,108338,109557,40695,51839,41205,41512,40774,38538,41240,40299
823770,43667,44060,42483,45142,45151,44986,45980,45174,43499,40996
825515,41791,40104,47328,45174,45172,41130,48194,40163,45980,45170
827620,53586,47605,50412,53594,122039,109555,47326,106476,46504,100871
833903,222272,45134,40902,43117,43679,87236,222204,51095,51476,46174
834328,54896,93412,41485,40951,109559,42471,42565,40774,40891,40480
853878,41173,41784,172435,5196,46173,106533,44008,40921,164330,49631
863470,241484,41552,64238,41555,114606,50207,222271,3921,101418,44042
865984,204558,241265,114177,48435,237776,167154,244000,150096,46058,216225
872914,133782,98248,32927,45134,198277,87236,70294,41295,222195,43057
886690,100871,42595,96405,41858,160589,105409,43333,63393,108573,107219
896077,40498,97340,47260,52333,42506,47650,45879,99942,3924,45374
908560,100871,96405,119291,204557,72843,222271,47326,107010,200792,237562
923733,200792,167154,103580,84447,139488,101166,47712,48435,40450,100587
923830,40985,45645,46426,45545,42537,42471,51818,40518,40951,46862
927807,41385,40163,41342,45174,41181,41374,41130,48194,41110,49631
931756,41027,49627,41179,46524,48616,41555,48513,42611,43970,49624
948197,40985,41277,100451,43679,43149,225185,41778,42770,5412,222272
961883,100871,110407,45521,46059,42778,42596,222271,222207,58299,115008
962718,40951,42537,41485,42565,42471,40518,46426,40774,40480,40891
965570,41485,109559,46061,41489,42471,40951,97465,40891,41858,40774
965651,100819,50416,46823,50553,51095,45654,50114,51829,49505,166390
971014,52393,45170,45421,66925,52605,50410,102026,49565,50553,43061
981748,108573,41549,41485,40774,107219,40480,41174,42471,38538,42537
982573,41435,48463,108890,5312,41573,122485,49668,122481,109537,200792
984036,41485,40951,42471,42565,40774,40891,109539,42537,40480,108892
984205,41485,54896,109559,42471,40951,108892,42565,40774,40891,40480
989281,222272,225185,133782,45134,87236,40985,43679,51956,198277,47651
990754,160398,3907,241301,40889,89161,173019,109901,46466,109562,114990
998609,49598,45645,51095,96910,51818,46848,46862,47313,47344,42513
999010,41173,41027,48186,172435,41032,134459,128656,48584,51264,5196
1009636,43005,50553,40257,41022,45879,51138,52134,40763,43148,45654
1014290,45174,40163,41385,41457,45418,45172,45163,50410,98400,41110
1017018,40061,43137,43132,43129,43131,43139,104228,106385,106383,51658
1020846,110408,102650,95958,100104,93858,52179,48855,55410,48121,48852
1023378,3921,41552,48321,241484,602,160398,51362,209073,59375,41858
1025780,100871,45521,160241,110407,111419,102867,46059,204557,54219,49243
1027467,43993,42513,47313,49598,47344,49633,46848,96910,45645,46862
1028712,45421,52134,50553,52605,52393,124962,44611,166390,49371,100819
1035777,19392,225185,222272,206118,96571,106533,222037,96236,54896,43679
1038562,222271,41858,108573,41743,115823,100810,42595,42546,40945,96405
1041112,42596,42471,42537,45645,41746,40518,46848,46501,109559,197968
1041571,86150,87982,106981,214251,40663,41552,83965,158652,50654,3907
1044854,113854,40961,112710,51139,41456,40061,41254,156870,104122,117120
1046056,222271,222272,41213,41295,46524,42566,42620,80500,41274,42596
1046735,107219,220101,53962,222271,98631,105396,115215,98880,41173,73012
1052925,34237,42546,100810,231019,97958,5412,196468,100987,2534,108038
1054115,46059,51362,41489,42563,109559,47804,79709,83965,87980,141620
1055031,41435,42820,100058,50898,5084,48587,50743,106383,47252,48082
1061850,41485,97465,40951,46061,109559,42471,40891,40774,108573,40480
1062410,222271,96405,43333,119291,100871,50207,72843,84795,40861,101418
1079649,41935,46501,45645,46426,45763,42537,45957,46848,40690,45362
1090119,102019,97718,46023,42896,40546,48006,102402,102018,100809,40746
1091170,46426,45957,51818,45645,45763,45522,40690,40648,50927,46501
1095586,41485,42471,40951,42565,42537,40518,109580,46426,45522,41191
1103308,204559,53852,70345,49680,44135,41573,41027,160240,122481,222037
1103461,80500,41759,42596,41274,104249,48616,41384,42611,46524,4206
1104597,41304,43670,48513,41205,41174,38538,41512,40480,4095,50038
1108814,110813,40086,49230,44008,41759,41394,109581,40240,87980,40740
1112748,41032,41304,41179,48186,48513,41205,41485,41174,40774,40480
1113574,200792,194389,48435,214078,71328,205025,219993,199727,188669,87236
1118738,237776,54163,46059,119103,105949,104573,105924,109540,105928,105292
1123534,41210,51215,41192,51307,40851,48513,41468,41012,56971,43349
1123536,41485,109559,42471,40951,40774,40891,108892,42565,40480,109539
1127374,113854,48584,67520,241484,51540,41027,41791,43970,112133,4120
1128321,40945,119136,51139,40562,51532,48061,126349,45371,41254,117120
1130677,41552,54167,167154,114177,150096,71328,143878,52984,96136,170957
1131227,53586,98400,41457,46568,42896,91069,48960,42612,47604,40596
1133717,105057,169463,92598,40677,119103,105928,58304,103402,3767,40595
1144616,41485,109559,42471,40951,40774,40891,42565,40480,108892,41174
1148427,109559,83965,42471,41485,87984,79709,108892,87980,42565,40951
1149687,38538,3926,40691,41373,51839,41240,40848,41396,49055,40879
1150241,54896,110408,41357,93412,40902,41441,45138,43627,45412,48195
1150412,51362,110411,52924,48463,98882,57577,5312,70294,19392,79599
1151010,98733,106686,41211,75674,146946,52327,43005,40257,102406,101545
1159250,41552,119291,196518,237562,100655,43333,41489,158652,204559,204557
1165484,133782,40450,99049,199250,194389,200792,196468,87990,96239,128043
1169051,45812,108871,40969,99921,43184,42595,102250,40627,107219,222271
1173538,109532,53586,105949,105924,48852,109540,43867,107399,45371,105057
1174408,41173,5739,41160,222271,143878,101166,113910,110058,40921,41182
1183190,110408,133782,110407,46059,42778,110515,42471,100809,109580,46426
1184172,41485,40951,109559,40891,42471,40480,40774,42565,5412,41174
1187340,83965,87982,87984,41489,57577,100871,88973,63393,86150,79709
1191735,52134,50553,176683,45421,52393,52605,40666,166390,50424,50678
1193034,42579,41205,49055,41240,40691,41512,41935,41174,42537,41189
1193079,66925,196300,100809,33260,53652,102019,45168,126538,51303,102026
1193696,41858,40159,115823,204559,19392,114606,60149,48186,48584,41740
1197140,98882,45347,108890,102868,122481,4739,48186,43638,48317,41802
1205948,49627,43970,41027,42488,40921,48616,41263,49624,44020,43124
1207262,40951,41485,41174,40774,40480,40891,42537,42565,42471,41205
1212734,98882,41304,41179,41205,43670,40480,42027,41174,38538,40891
1217784,167154,41858,200792,218589,204558,205596,188669,217738,216182,214078
1220565,97217,98654,99094,95758,98956,95186,99408,46594,102401,106366
1225295,45174,48194,40163,45172,43935,44288,41342,43499,41110,41181
1229262,133782,54896,122485,45517,108890,109559,42471,42565,40951,222272
1233143,42896,5211,50554,54261,48030,43936,47328,40557,45890,48624
1236686,102650,50672,115215,46334,114003,50037,99094,97145,55661,53002
1250234,42620,46524,41295,35947,41759,49503,48033,42611,42030,42566
1258496,41295,97453,103716,107010,97999,44543,172434,87990,125765,101238
1262009,41485,109559,40891,40951,42471,46061,40774,108892,40480,41174
1274469,110407,105057,169463,208007,40595,48316,105928,119103,58304,54155
1275290,109559,41485,40951,42471,42565,46426,109557,42537,40774,45957
1283451,83965,87984,87982,41489,86150,87980,42609,79709,66740,81285
1287698,113854,112710,113992,40061,119136,41254,40875,51139,41456,197654
1293439,45521,88973,187498,110407,100655,46059,87990,57577,51362,83899
1295937,41552,41791,54167,84447,47326,49632,200792,114606,50638,143878
1313514,54896,53414,237776,48323,45524,53594,58299,110411,41452,46059
1326904,87984,83965,110378,87982,42080,83118,4739,76477,52420,45578
1331044,200792,41552,5312,42691,41097,108890,40086,46568,46577,207770
1337938,207770,167154,64237,204558,204559,216225,200792,101166,110058,217738
1340354,108890,42609,43132,41097,40673,44975,42596,108782,45417,43137
1351895,54896,194424,43627,93412,43638,106570,158652,141620,99363,43568
1358244,43129,42841,43132,41130,43137,43146,43089,43128,43379,41163
1365052,100871,43568,41858,41489,48321,158652,68409,97974,63393,101418
1374177,45578,50633,41786,45206,44987,123762,41179,48513,40961,49620
1378536,101166,103580,200792,48753,84447,218078,41566,41567,217738,167154
1387569,241484,40666,40431,49598,50678,44037,4906,35947,49630,40257
1397123,100163,45763,46426,45407,50927,40648,40690,51839,48545,108338
1398285,109559,40951,41485,42471,42565,40891,40518,42537,46426,40774
1407016,222271,100871,96405,42595,41858,204559,45894,107219,41743,43333
1408822,108890,48485,160241,48700,44135,204559,4739,45503,50672,100655
1412720,160398,100871,64145,46059,58299,68409,47711,48321,214251,113602
1416841,41555,222271,44042,101418,50207,96905,109581,188337,84795,106533
1418103,41485,109559,40951,42471,40891,42565,40774,40480,42537,41174
1424503,222272,41858,214750,133782,19392,70294,46061,79713,109537,216182
1427982,41485,109559,40951,42471,42565,40891,40774,40480,108892,109539
1428387,45174,45172,41110,40163,41342,45163,43499,41369,41382,41163
1435897,41032,48584,41304,48186,41179,56964,41911,43670,48324,41099
1454922,50672,109559,41485,42471,40951,42565,108573,40774,108892,109557
1461496,41858,115823,19392,222271,3921,43308,79716,46061,51362,40159
1464822,40450,64237,204557,241265,194389,160240,204559,169003,103580,48463
1470281,41489,43568,44042,45351,41555,109559,110425,4191,24857,41485
1473306,204559,19392,51362,207770,204557,41552,158652,169003,108890,53852
1479580,146946,41167,41729,41462,50038,40631,43296,41301,5084,106686
1482480,40163,45174,45172,41385,45163,41110,41163,40104,41181,41369
1483888,41205,38538,41512,40480,41240,41174,40883,41439,41792,42027
1485105,222271,106533,46173,134459,41858,188337,41173,53586,49632,96405
1487677,42596,100809,110407,97453,235958,101238,51303,43228,44543,41274
1507740,41032,56964,245638,96136,47330,96577,48753,50537,41304,97466
1510299,52220,43126,40446,42563,45800,100923,42691,48311,42609,50516
1511996,41485,40951,109559,40891,42471,40774,42565,40480,41174,108892
1516900,42471,109559,40951,42537,42565,42666,40518,4238,41485,42776
1518421,52393,45421,52605,50553,52134,124962,42596,47289,166390,40352
1522328,43296,41729,41301,4095,43349,50038,41733,41462,41167,41785
1525743,46823,49505,44611,46825,51476,52814,49371,51818,51095,50424
1540910,50416,51818,52814,46825,96910,49505,46823,45458,51476,50064
1542087,42471,109559,40951,41485,42537,46426,42565,40518,45522,45957
1543527,109559,41485,42471,40951,42565,40774,109557,42537,109539,40891
1544915,109559,42471,40951,41485,42537,42565,40518,42666,4238,45522
1552614,100871,222271,96405,110407,41552,5739,119291,47326,3921,68409
1555345,100809,45976,49565,45418,66925,102026,63515,40444,219514,40746
1558220,100871,196468,222301,45521,45371,33828,115008,64232,110407,41858
1582797,102650,42561,45706,108573,40991,113854,43487,7518,49629,44048
1591857,160398,196468,100809,42546,109559,180351,101168,41858,109580,40951
1593444,40951,42565,46426,40480,45957,40774,41485,41174,109557,49055
1597223,160398,64145,41858,54167,71328,59375,111403,209073,58299,100871
1602267,58299,46059,160398,100871,44018,53414,172436,44208,48321,55318
1603522,41567,41555,48753,84447,44042,106533,41182,97466,44046,99480
1607954,48584,49632,44046,106533,41032,41567,46173,43627,134459,41555
1609362,241484,160398,41791,47326,41552,218078,43568,101168,84447,49632
1613283,48584,47330,46061,41566,41032,48753,41304,41485,97466,40891
1614510,45521,46059,122485,93413,48890,108890,3850,47755,4816,39405
1615775,40951,41485,45957,40480,46426,109539,42565,40891,41174,41205
1624184,100871,48321,79718,58299,46059,110407,111419,54167,43568,97974
1628864,46426,109559,45763,45957,108338,51818,109557,45522,47377,110093
1631542,50753,105090,121285,45371,43005,107047,109424,105057,52986,52126
1633473,109559,41485,42471,40951,42565,108892,40774,40891,42537,40480
1633923,41032,43670,41304,41301,4095,43349,50038,40767,49286,41462
1635211,108573,41489,41858,97465,47323,41485,109559,50672,42471,104340
1636703,116524,113854,47711,88913,3681,40626,45601,53850,67520,47696
1642141,46504,119136,47326,101973,45980,43667,41374,42483,198274,46421
1642218,19392,214750,41858,79716,70294,95734,222272,206118,216225,211488
1642873,222272,41301,40767,4095,41729,50038,41167,43349,40100,41733
1643137,46061,41485,42471,40240,40951,79709,109559,40891,40774,40480
1643287,241484,41791,48584,40666,41521,40084,222271,64145,143878,71328
1643337,41161,52811,40763,99942,41022,41299,43005,47736,45879,101326
1649745,41740,54167,64145,114606,241484,52984,114193,143878,115823,41552
1651863,222271,43333,42595,106533,50207,204559,101418,40861,46173,70341
1661441,5412,48584,111619,222203,41485,40891,38538,40480,40883,40951
1668611,41485,109559,42471,40951,42565,40774,40891,40480,108892,41174
1677152,42596,42620,172434,80500,41274,44543,46524,42566,44614,40937
1682988,194424,106659,43627,241484,3917,100923,49632,84447,43638,110360
1686899,41485,109559,42471,40951,40774,42565,40891,108892,40480,41174
1693693,63393,100871,110407,68409,66740,43568,40663,123764,113602,160398
1694812,87984,96412,41027,83965,103716,96210,103580,43137,49627,42488
1699325,241484,160398,5739,222271,3921,48321,71328,54167,96405,41552
1702217,41485,109559,42471,40951,46061,40891,42565,40774,40480,42537
1713420,109559,100809,42471,46426,45645,45522,50927,40648,45545,45957
1715770,41858,40945,41743,4177,48584,115823,111117,48753,128656,44024
1715906,123321,46054,149845,40628,43631,50573,46858,43773,43460,46264
1719858,105057,105949,109540,119714,105928,105924,54164,119103,46059,169463
1722706,41485,42471,40951,42565,40774,42537,108892,40480,109557,109539
1726236,40921,41304,41077,41173,41099,49286,41503,43669,41027,40088
1757011,100871,63393,40663,66740,87982,46059,88973,83965,41489,62995
1759023,40961,41027,56971,41785,87984,51307,43296,41210,92597,41454
1768125,41729,43296,41733,41454,40767,40100,40657,41437,4095,43669
1770465,47327,48063,44065,46578,45163,45841,100819,46856,40091,41369
1774494,41791,48194,113854,53850,48949,48624,98611,40084,40875,40751
1775601,41858,43568,111117,4177,3770,40945,41743,160398,106570,77610
1783632,44036,40434,43184,42786,63515,40746,44614,41939,44543,40673
1784410,123764,109559,45371,42471,110515,108573,41489,110407,42537,42565
1785498,54896,45406,122039,43679,51264,64237,42600,96236,106533,41452
1794028,110407,42778,46059,119714,45521,124962,42596,45371,166390,54164
1795401,41489,41555,46061,109559,41485,44042,42471,40951,40891,41858
1796326,109559,42471,41485,109580,46426,123787,45522,42565,42537,40951
1805178,53414,45524,46059,58299,160398,41858,54896,43568,64145,45996
1809687,109559,46426,42471,45522,45645,42537,45957,45763,51818,42565
1812657,40985,222272,41173,157882,44024,53003,222037,43679,41027,225185
1819124,41858,95337,53003,222271,107219,115823,53002,43308,19392,134459
1820775,100871,40663,66740,87982,83965,88973,46059,158652,41489,43568
1825491,93412,47327,110408,41357,46426,45763,100163,40648,51818,46862
1829629,109559,40951,42471,40891,40774,42565,108892,40480,41174,41205
1847210,225185,64237,122039,241265,53586,121077,222272,41858,96236,214252
1847610,101326,176683,166390,50553,52134,50424,100809,52811,99893,47736
1850781,102650,47593,39738,100104,52179,50037,46334,97507,196660,45706
1851167,41485,109559,40951,42471,40891,40774,42565,40480,109539,41191
1869704,96405,41858,100871,204557,158652,68409,194389,222271,45521,40450
1875500,53003,204558,101166,41743,48753,48584,134459,225185,41173,41858
1881888,41160,34237,48584,41304,222271,42546,48033,41301,95331,100809
1887340,95422,41759,52958,41549,107219,42595,4206,47908,41729,48033
1888312,102019,199730,46001,43504,39738,49397,101250,110408,53652,101873
1890354,167154,41858,204558,200792,218589,198062,194389,207770,205596,53586
1903041,41858,115823,19392,43308,206118,111117,47330,211488,48584,43649
1904015,45521,64237,110411,140651,241265,122485,48463,200414,43057,222207
1912070,42596,124962,50553,52605,52134,108686,45421,100163,100819,44611
1919156,109559,41489,42471,41485,40951,108892,42565,87980,40891,109580
1928186,40951,41485,42471,42537,40774,42565,40891,40518,40480,41174
1929755,119714,54164,105057,48063,109540,52219,48931,105924,49256,51139
1944011,43349,40767,50038,4095,41361,3926,40883,38538,40848,41373
1946366,41181,176089,41301,40767,40163,40100,4095,41733,41729,41401
1955876,41485,42471,40951,42565,40774,109557,40480,42537,40891,108892
1966913,41435,54896,93412,5084,4095,43349,42820,40767,48739,41503
1971428,41293,45374,51476,45650,100163,41318,97340,40762,46825,46823
1972051,98950,96577,41485,97217,38538,41205,41453,50038,43692,43349
1976956,37879,45981,105923,98504,40619,121285,45524,50555,53594,58299
1981097,109559,41485,42471,40951,42565,40774,42537,40891,109557,40480
1984446,41485,41174,40480,41205,40774,40951,40891,38538,41512,42565
1987194,50555,41032,48084,41304,48186,40538,55565,117523,48324,42489
1990893,51139,55565,51203,198274,48063,41160,44987,198457,40562,45518
2009296,41567,106533,41743,111117,41858,41555,4177,141806,111619,49632
2012075,41740,241484,96136,49632,217738,54167,102100,217737,52984,114193
2020816,41485,109559,42471,40951,42565,40774,42537,40480,109557,40891
2023314,41205,41174,40480,41512,38538,41240,40774,45957,40951,42565
2031199,40859,43146,40446,45800,41791,48194,46504,51046,51075,43139
2032927,200792,47326,167154,41791,41552,84447,40104,100809,97453,109537
2033617,45980,43667,41374,50412,41368,45142,40163,45151,43499,41382
2042005,41485,46061,109559,42471,40951,40891,40774,42565,40480,108892
2047974,41858,3921,241484,214750,41552,109559,41485,43568,41489,209073
2061338,64237,45521,160240,241265,93413,204558,41435,102871,42820,102868
2065425,63393,108573,123764,41489,110515,40663,40463,73007,121299,4191
2065694,42030,44037,42566,46524,49598,35947,4906,49660,40257,49659
2072144,64237,241265,204558,48463,122485,167154,98248,207770,237776,237598
2074427,41858,5307,160398,64145,111117,115823,108481,123797,43568,3921
2075706,100871,63393,187498,72843,88973,110407,66740,43333,222271,87982
2076336,40641,42609,108782,43137,46250,88913,42596,40673,48337,40675
2088869,97465,40705,40985,46174,43679,53002,31589,96236,54896,106533
2093421,41485,109559,42471,40951,40891,40774,42565,40480,108892,41174
2094203,98950,97217,99094,102650,220101,95758,98654,115215,98956,102401
2107213,41435,47327,108890,48337,50622,106383,106385,104228,46578,104201
2115165,4906,42062,48159,48164,41022,43943,50480,41011,49503,41287
2126364,42596,42471,46848,45645,4238,42537,46501,42666,45545,47313
2138738,41485,109559,108892,109557,40774,109539,42565,109582,40480,40951
2150360,167154,110058,64237,188547,96412,49621,54167,41198,48469,40159
2153035,109559,42471,41485,40951,41489,42565,42537,40774,40891,108892
2154675,109559,42471,41485,42565,108892,40951,42537,87980,40774,109557
2154842,160398,41858,71328,241484,64145,111117,3921,48489,209073,196468
2158296,222271,204559,95337,19392,41858,107219,42595,115823,96905,40240
2160830,41213,46524,222272,42596,42611,43057,35947,41990,80500,42566
2165456,4095,41733,40767,43296,41729,40100,41401,43349,43670,41462
2169455,222271,96405,3921,111117,50207,42546,41858,43333,241484,106533
2180813,102650,3697,46064,188548,123321,50037,42561,220104,42998,42045
2190332,114177,160398,92123,237776,214250,109003,105956,48435,107399,93663
2206715,114606,50516,51362,52984,66616,45800,102127,47711,54225,100923
2208037,48321,114606,45812,95337,41740,41802,41858,19392,99094,49632
2213602,41489,41552,42471,41485,109559,40951,42565,40774,42537,40891
2217615,64145,71328,47711,59375,56558,43568,54167,109003,194680,241484
2217691,133782,46426,42471,42565,45957,42537,45522,40951,45645,110408
2218919,241484,64145,160398,111117,48321,71328,41740,44044,3921,64238
2229365,41295,41759,46524,42611,48033,42488,4206,41384,222272,35947
2235408,50555,113910,45996,46059,55565,58299,53594,112711,5324,60149
2241200,40859,46504,41238,5324,42393,52111,49599,98189,45828,101531
2242074,93412,46061,109559,41485,106570,79709,83965,41489,40951,87984
2245499,41304,48513,41192,48186,48324,41179,41032,43670,40774,40480
2246972,108573,107219,96905,41173,42582,99838,44008,40240,104340,77597
2250758,111117,64145,115823,3921,43568,160398,222271,71328,241484,100871
2254103,105924,48852,48775,58304,48877,38537,40677,109532,105446,169463
2262224,45371,40945,122373,105290,42888,45519,110410,51532,95951,47592
2265296,111117,115823,48584,41740,241484,41858,41743,134459,44046,49632
2267065,87982,83965,87984,158652,46059,86150,110378,109578,66740,62995
2268869,41435,52983,45578,43126,172128,5084,40446,48587,43146,41301
2270109,34237,96405,41858,222272,87236,222271,48435,222203,198277,32927
2292424,122485,241320,47327,45517,42841,122481,41435,106080,48223,194423
2297038,204558,122039,4177,41858,53586,54165,45524,139485,121077,48994
2298095,51139,51203,45371,48063,40562,48915,40891,41056,49633,198274
2310581,104553,40467,102402,47480,40534,65073,45417,102018,46577,41097
2316941,51095,49505,45645,44611,51476,51818,46825,46823,50927,52814
2325336,40767,41759,41729,48033,48164,4906,41733,40100,41454,48917
2334515,107219,44008,97465,231018,115215,42595,164330,41858,40985,41277
2339342,100871,204557,72843,237562,100655,70307,169003,222271,204559,43333
2339655,51818,100163,45374,51095,51476,46825,40648,50927,52814,46862
2353470,40677,40595,48880,169463,48775,98733,52327,98497,123321,196660
2357913,222271,41213,48584,41555,41485,40891,40951,42546,47330,46061
2358236,41485,42471,109559,40951,42565,40774,42537,109557,40480,41174
2361100,41485,109559,40951,42471,42565,40774,109539,40891,40480,42537
2365491,100871,41858,51362,115008,63393,43308,187498,40159,58966,87982
2371697,41342,41374,40163,45174,41110,41382,41181,45172,45980,41340
2376181,222271,41295,52958,41191,4238,41739,41485,51361,48622,41935
2378961,41858,222271,115823,96405,100871,40159,3921,43853,160589,42595
2381340,49680,41566,222272,41304,48584,41027,134459,96412,41173,70345
2387484,42896,40557,42655,102402,97718,45346,40534,45237,40596,40467
2390272,108890,47328,87940,46577,46568,104553,87941,40596,47480,45410
2398940,54896,50672,121299,225185,108890,222272,41858,114457,51308,96230
2400841,41858,167154,204558,218589,207770,198062,200792,205596,214097,199697
2405074,41555,42596,47326,97453,103716,41263,46524,41213,49627,80500
2412523,108573,40945,41743,100810,44008,172435,222271,5412,41277,2542
2416977,42471,109559,40951,41485,42537,42565,40774,42666,40518,40891
2424379,49627,49624,48616,46524,42611,43970,41759,42488,49623,43124
2429557,54896,225185,54047,53586,108890,45703,110408,55652,53704,98732
2439041,109559,41485,40951,42471,42565,40891,40774,42537,40480,109557
2442063,48323,54167,96136,113910,64145,40159,142236,45518,22747,43835
2444779,52984,216225,105851,237776,237598,122464,95734,110411,40159,54149
2446816,222272,38538,41485,41174,42027,41205,40480,41512,41240,40883
2449417,41858,51264,196518,204557,204559,100871,41555,222271,43568,41489
2450270,41485,109559,42471,40951,40774,40891,108892,40480,42565,41174
2457534,100163,45645,46426,51818,40648,50927,52814,45763,51095,50064
2459666,204559,96412,53852,84447,41027,134459,49680,49668,44135,41573
2468235,40767,40100,4095,41733,43296,41729,41183,41401,41454,43349
2472244,41485,40951,42471,109559,40891,40774,40480,42565,41174,108892
2473069,100163,51095,40648,50927,50064,45763,45645,46426,52814,46825
2482638,42888,43487,102650,45706,42892,41238,220104,45703,42561,48584
2487166,42537,46848,47313,46426,46862,49055,43185,46501,49363,45645
2503057,40673,42786,41295,42566,52393,80500,48700,46524,41274,40444
2513424,41858,167154,204558,216182,218589,205596,199697,48435,214078,214097
2520480,41485,40891,40951,40480,41205,40774,41174,38538,42565,109539
2522265,222272,5412,93412,40985,110425,105875,40705,237444,58952,97465
2525756,42078,49503,41022,47275,42030,43130,49659,40763,95752,45879
2526816,87984,41179,48513,49680,41485,46061,40774,79709,41174,48320
2532578,41304,41173,48186,41198,41099,41356,41911,40124,41052,40970
2532736,42546,41160,222271,48584,40921,41173,113854,40961,41304,112710
2545959,104553,241484,102402,40666,41552,3917,40434,46568,109559,44036
2549260,45521,204559,216225,105851,241265,122484,237776,110411,160240,54149
2549794,108890,54896,40890,41859,124948,105951,42686,122485,102867,53584
2549841,49631,45153,5237,40163,45174,40944,40942,49623,40655,102468
2557311,122481,41435,122485,108890,105852,49680,102870,51264,188514,103580
2563664,95331,222301,34237,142236,48435,46058,42546,54167,196468,5739
2566639,46061,41485,47330,41179,40891,40951,109559,40774,42471,40480
2567543,42888,108573,40165,43487,49603,113427,37879,40945,41238,43877
2568425,41858,214750,218589,200792,188669,41552,207770,218078,217738,48753
2576483,41032,48584,41304,41179,41205,41174,40951,40480,40891,48320
2579567,109559,41485,42471,40951,42565,109580,46426,42537,109557,45522
2581641,40767,50038,43349,4095,40100,41183,41361,41462,43296,41729
2584553,100871,54167,113910,40159,79718,5739,58299,110058,115008,60149
2592219,100810,43568,123764,63393,40663,160398,42546,40889,214251,68409
2598918,38538,45957,41485,40480,41205,40883,41240,41512,41174,49055
2602819,42596,66740,41489,110407,41097,48337,45417,46250,87980,42609
2623876,41210,51307,41192,49686,44987,43349,48513,41503,41785,4095
2631233,41485,40951,40480,40774,40891,41174,42471,42565,41205,42537
2631708,5412,46061,41485,40951,40891,109559,42471,40774,40480,42565
2635948,50784,48739,41011,41287,40767,41183,5084,41261,40848,48062
2639949,110411,53586,47593,47604,46334,98248,54219,63590,46568,114003
2652623,108573,63393,100871,41489,43568,97465,188337,41858,64238,101418
2653350,100871,63393,108573,73007,72843,2951,166134,40466,100654,99838
2653450,108890,225185,47327,49291,46504,47326,98732,43627,45828,54047
2663183,41485,109559,40951,42471,42565,109539,40774,40480,109557,41174
2675699,222271,111117,41743,41858,96405,134459,106533,42595,73012,41173
2678978,100655,204559,49668,87982,44135,96412,45521,83965,204557,119291
2692189,41485,42471,40951,109559,40774,42565,42537,40480,40891,41174
2693652,241265,237776,64237,54896,216225,102868,45521,41435,45517,100180
2693706,241484,41555,43568,84447,218078,44042,47326,41552,41791,101168
2695312,107219,41173,42595,222271,95337,220101,110058,53002,115823,97651
2695313,41858,3921,19392,222272,209073,211488,214750,115823,95734,95393
2696804,222271,204559,41552,160589,96905,79716,73012,105409,115823,43333
2701803,97507,50037,47593,102650,51791,42561,49397,97676,222271,80843
2711694,40159,79716,46061,107051,222272,78804,41304,41485,49680,41858
2714327,100871,58299,41858,110411,50672,46059,214252,58966,53414,54896
2715529,51215,48337,41210,41468,217613,43094,106383,40874,40641,11939
2715629,96577,41032,48186,123762,45578,50633,48584,40446,41453,41304
2725652,48753,41858,207770,41567,106533,214750,49632,224239,43627,101166
2726866,200792,41858,218589,204558,205596,188669,209441,214078,207770,199250
2730257,43568,41489,194424,45351,109559,46061,106570,97465,41555,43627
2734609,47326,46504,106383,198457,40104,45523,45980,47327,101250,40472
2736232,113910,100871,43568,116524,60149,50555,42489,64145,47696,45996
2736709,207770,204559,41858,206118,52924,211488,114606,141800,216225,41552
2742150,45371,105057,107047,105949,46059,119103,109540,54163,105928,54164
2745164,96405,42546,196468,222271,45894,222301,34237,100810,41858,41743
2748620,54896,225185,53414,45524,122039,41858,121077,204558,41452,139485
2752166,106383,48337,43094,43137,100058,40590,40874,41468,43131,50743
2752491,38538,41205,41174,40480,40774,41512,40951,42027,41240,40891
2758215,55565,172128,45578,44987,95539,43146,98892,41435,93413,45520
2758317,54896,98882,222105,19392,246150,225185,216225,222037,102868,43638
2765889,45421,52605,50553,52134,52393,100809,66925,44611,49371,51095
2767917,222272,41858,133782,225185,19392,54896,51264,108890,122485,110425
2773036,41485,108573,109559,42471,40951,40891,40774,46061,42565,40480
2773617,109559,42471,42537,40951,42565,41485,46426,40518,41552,109580
2777658,96405,222271,41858,68409,237562,196518,72843,204557,47326,100810
2780510,41858,19392,41555,106533,97465,188337,41489,101418,43568,3917
2786142,41858,100871,53586,45894,122039,96405,71328,111336,64145,160398
2793569,48584,41179,41032,41027,43670,48186,49286,41301,41485,48513
2798346,64238,222271,3921,160398,99094,63393,41858,48321,5739,54167
2803338,49627,49624,43970,48616,43124,41263,42488,40675,44020,40688
2806822,241484,41552,40666,44036,41489,48311,109559,41485,104553,51362
2809173,102650,42561,45706,50037,45812,80843,39738,46065,97507,42058
2813558,48584,41858,48753,101166,106570,115823,111117,60149,97466,41567
2815626,110408,41485,42471,109580,123787,46426,42565,109539,40951,109557
2820841,5084,3850,97340,4816,43472,49300,48062,43875,42928,39405
2824823,51362,204559,187498,114606,41260,100871,100655,44135,79718,41552
2828140,114606,41552,41740,84447,49632,54167,207770,241484,96136,143878
2853587,45521,53414,133782,46059,237776,58299,110411,110515,121839,45517
2855376,83965,87984,87982,46250,42596,40641,50622,40086,66740,41489
2868206,41791,48584,49632,106570,64145,113854,46023,71328,102019,41181
2870253,41179,41485,46061,98882,41205,40480,41174,40891,40774,40951
2871178,45812,99094,102650,50672,46334,43308,114003,100871,47593,48321
2877757,43349,41301,4095,41032,43670,50038,40767,41304,41205,41361
2878698,41858,71328,188669,218589,209073,209441,167154,200792,214078,3921
2887702,41205,38538,41512,41174,40480,42027,41792,40774,41439,41240
2895155,110411,237776,121839,196468,105949,59375,200414,46058,58299,105057
2897141,200792,41552,84447,167154,47326,109537,158652,41791,41573,45523
2899665,46061,41485,108573,109559,40951,42471,40891,40774,54896,40480
2904544,84447,101166,49668,70345,103714,41566,204559,103580,113856,97466
2920227,64145,113910,54167,111117,222271,115823,110058,41740,220101,100871
2933258,160398,48321,64145,100871,58299,71328,54167,44018,43568,47711
2933547,222272,19392,222271,40240,106533,134459,70341,43333,65814,160589
2934551,100871,41858,45371,40889,110407,123764,160398,68409,115008,65791
2953355,204559,19392,53852,44135,51264,204557,96905,188337,222037,64237
2955179,70294,48700,188514,40705,50672,46174,42680,101353,222272,98640
2955321,102650,43487,45706,41238,43048,220104,50037,55701,42561,40944
2955539,97465,4739,44042,41555,41567,43627,106533,51264,237562,204557
2956085,100871,45524,41858,43568,46059,45371,63393,110515,40889,65791
2982139,100871,204559,100655,44135,52958,41260,98091,222271,107010,140651
2983894,97340,41809,49300,98824,3926,38538,40848,43692,40762,4906
2984487,122481,51264,108890,42600,204559,122485,70345,204557,102870,103580
2992822,46061,41485,48584,109559,40891,40951,40774,108892,40480,42471
3013827,41858,108573,100810,5412,41743,40945,63393,42546,222271,123764
3016951,222271,100871,110411,110407,188548,40159,54219,204559,40086,42596
3025723,41304,48584,41179,43670,41485,41174,40951,48513,40480,40891
3027147,42565,109557,40774,41205,40951,41174,41485,40480,108892,42471
3027393,41485,40951,40774,40891,42565,40480,109559,42471,41174,109539
3039461,41567,106533,41555,48753,44046,47330,44042,49631,97465,41566
3042070,42888,40945,101531,41026,98732,42842,235958,231012,104092,41304
3052360,113854,40061,88913,40990,41456,41223,50063,41187,41053,5196
3060212,222271,204559,134459,41858,41555,96905,53852,115823,101418,96412
3068491,5312,122485,54896,237776,108890,42680,122484,54225,42691,48223
3071456,43005,47736,43777,43773,43771,40571,101433,43774,45905,52586
3072246,51139,55565,106383,48063,44987,40061,90162,51203,198457,198459
3076878,41485,46426,108338,51839,105950,110093,110506,45957,108066,47377
3077173,109559,42471,40951,42537,42565,42666,40774,41485,109557,40518
3081971,143878,54167,41552,222271,96412,84447,241484,110058,64238,73012
3093459,43568,41858,4177,68409,110425,100871,40889,141806,41743,125907
3094304,4177,41858,111619,222272,41743,111117,41277,40945,34237,222203
3094317,42510,43877,46064,41969,43020,46065,40240,102468,59047,40585
3095691,45238,196300,51815,199730,102402,40467,102019,97676,104553,48960
3096827,42546,222271,44037,50416,40257,2996,49598,47290,38253,49630
3103594,222272,40985,19392,157882,97145,222037,49853,43679,40240,70294
3111707,45521,87990,42596,110407,42778,86150,87982,124962,83965,122475
3118190,96135,42896,48194,53850,48624,43935,42655,102402,40557,41224
3125430,41198,40124,41036,40970,41027,41099,41553,40119,41911,42501
3131402,108890,4739,100871,110378,204559,40775,54896,204557,45521,46059
3143404,41181,45174,43499,40163,41382,41110,41342,45172,41340,41301
3145599,52574,38537,40677,50555,105924,5084,46856,48698,119103,51832
3156332,48489,51815,144344,50791,95070,222205,4191,59047,99936,100123
3168136,100810,160398,43568,42546,63393,68409,57239,4191,40564,106558
3170539,222272,64237,41858,214252,45521,204558,241265,51264,98248,122039
3172622,108890,42510,87940,42896,40596,46064,40557,51133,46577,46568
3173405,204557,72843,100871,119291,196518,204559,100655,40466,158652,51264
3178291,43568,41489,44042,41555,41858,110425,24857,47326,57239,113602
3188483,108573,40985,222273,41277,44008,97465,50672,121299,41778,63393
3198064,51818,46862,49055,49363,4966,52814,45374,46426,45957,46825
3198801,108573,63393,41489,57577,100654,100871,51362,40663,99094,83965
3207399,41435,204558,241265,46058,95423,109537,160240,122485,52983,48195
3208059,222271,3921,96405,41552,115823,5739,54167,100871,111117,42546
3208296,110411,95734,41485,40631,51839,108338,109539,48545,57577,110093
3210381,50553,52134,100819,46823,45654,50904,166390,52605,45421,44611
3213633,51362,109559,57577,41485,42471,41489,121299,40951,99142,42565
3213687,50555,40538,41032,198457,41304,40562,43349,48084,41301,40631
3217007,93412,158652,45150,45517,110425,43627,194389,40889,45524,156654
3222600,41485,41179,48584,40891,40951,41205,40774,40480,41174,46061
3225034,87980,42596,40615,87984,87154,42471,42537,42666,49264,4238
3228967,222272,40985,43057,41213,46524,103580,42611,34237,103716,41990
3231975,41485,109559,42471,40951,40891,40774,40480,42565,41174,46061
3235692,43568,160398,241484,45351,41489,106570,194424,48311,47711,109559
3236749,101166,176089,48753,216182,44046,224239,49632,172217,207770,176095
3243291,57577,87154,49140,48935,49264,109559,108338,45975,110093,40615
3247351,3767,54155,48880,104092,54727,40640,50902,208007,105924,54164
3256845,109559,42471,41489,40951,42537,42565,41485,42666,40518,40774
3258096,48584,47330,134459,41173,111117,97465,106533,115823,188337,41858
3264149,100871,204557,113910,204559,60149,158652,102871,46059,64237,58299
3272881,41858,51362,43308,46061,109559,115823,42471,40951,40891,41489
3275008,222272,40985,225738,43679,157882,99766,70345,188463,48319,222037
3277209,52393,45168,100626,52587,43061,42596,5264,45646,50400,97453
3286567,41858,115215,222271,45812,115823,95337,99094,3921,108481,40240
3289067,241484,113854,40478,41053,48584,41188,41732,41786,41454,41729
3299230,54896,47327,54163,106385,106383,104228,51832,41435,52574,108890
3317686,40902,41185,43149,40985,43627,5237,51026,160580,44060,41170
3324746,96412,70345,49668,204559,53585,44135,84508,114804,98406,175154
3327030,53594,93858,54164,57544,105931,105630,48866,54163,47327,237776
3327727,45418,40444,40434,44036,40746,42655,63515,41939,219514,97074
3327985,108890,122485,48463,5312,41435,47604,45521,43057,109537,40450
3330021,106383,108890,104228,106385,48337,47327,43137,43132,50622,51046
3331340,222271,204559,43333,41552,73012,96405,42595,96905,50207,187498
3338017,51095,50927,45407,51476,45374,45645,46862,46825,45763,40648
3340282,167154,41858,204558,218589,200792,48435,205596,209441,214078,199697
3340321,43137,43379,43394,44042,88913,40751,49627,40061,108782,40673
3340776,222271,42546,112710,40945,40921,42596,235958,41173,85513,41274
3343705,41489,109559,42471,41485,40951,42565,194424,158652,87980,108892
3345640,64237,110058,40159,204559,41027,53852,100871,40856,44135,118648
3346861,45521,46059,93413,48890,47755,87984,47312,50622,48337,99162
3362565,99094,241484,114606,56969,48311,45812,41802,96135,51362,96372
3362874,41858,41743,100810,96405,42546,41277,4177,231019,42595,222273
3364906,101166,41160,41182,97466,97073,41567,48753,55565,113330,56964
3368072,111117,41858,241484,71328,64145,216182,172217,111619,196525,176089
3377771,87984,48186,45578,48317,41027,41210,48513,88913,79709,51215
3381755,41485,42471,109559,40951,42565,46426,42537,45957,40774,109557
3384086,225185,53586,54896,108890,45134,122039,48446,47604,160580,54047
3386992,109559,41485,42471,40951,40891,42565,40774,108892,40480,41174
3391014,45578,40159,123762,50633,51075,46594,51155,40086,43889,54167
3395549,64237,204559,40159,105851,216225,237598,54149,53852,110411,79716
3405607,43568,222271,47326,41555,106533,41791,111117,3921,41858,241484
3417640,41552,64238,41555,222271,101418,50207,43333,44042,103714,98357
3424944,109559,40951,40891,42537,41485,42471,42565,40774,40518,41174
3446884,41485,40951,42471,42565,42537,40774,40480,109559,41174,40518
3451309,107219,108573,44008,97465,42595,231018,40985,164330,115215,41277
3460348,49732,42537,42777,41343,42666,43185,40615,40960,41535,42513
3479638,41022,51361,49598,45879,50114,50678,44037,46823,45654,51095
3486305,42471,42537,40951,40518,42666,42565,4238,42579,41935,49731
3497470,42471,42537,42565,46426,42776,42666,49731,109557,40518,45645
3500517,45521,43057,140651,43853,87990,41295,44135,222272,222207,204559
3503802,46061,41858,79709,46059,41489,60149,41485,115823,87980,109559
3504300,41022,40498,4906,48164,45879,234865,41369,49503,42062,43943
3520500,54896,53586,102650,54047,100237,45703,225185,97507,106542,50037
3544885,43670,4095,40767,196512,41077,43669,41503,49286,40088,41301
3545747,40673,109581,40861,49623,40675,59791,44008,40644,49627,42514
3550329,109559,41489,41485,40951,42471,42565,40891,40774,108892,40480
3556001,64237,45521,51264,80493,100871,204558,106039,43853,22747,48319
3563193,40890,42838,41024,102650,39738,42058,43504,42998,46334,42752
3572764,200792,41435,5312,48463,47604,109537,167154,108890,207770,122485
3580428,42596,40673,40675,42480,80500,52393,42514,44132,50395,41274
3586250,44543,125765,42622,226347,48802,99307,50130,42751,98973,222271
3586253,54896,108890,43020,54047,40585,50554,50675,42510,41969,101873
3609975,42561,102650,106686,41729,41211,52327,43296,41401,98733,41733
3613048,48584,47330,101166,41567,49632,41555,41032,41173,48753,134459
3623434,40086,41791,40666,41552,42596,40446,41489,118648,41179,80500
3624307,55318,53414,237776,105630,160398,58299,52984,53584,45726,44208
3637129,108890,51362,121299,41489,4739,83965,54896,87984,50672,79709
3637531,41485,40951,46061,40891,40480,40774,48584,41174,42471,42565
3645830,2996,49660,49633,49598,43943,42513,42270,50904,40633,41568
3654128,43568,110425,110515,41858,46059,40889,93412,53414,45524,3770
3657937,54896,108890,54047,105951,53586,40890,41024,101873,122485,41859
3663214,46426,40951,45957,42565,42537,109557,45522,42471,49055,40518
3664411,241484,51791,3938,96135,50037,46189,41548,40478,40666,48164
3675337,46524,49598,43993,41935,4238,40951,47344,40518,49660,48484
3677309,241484,46173,111117,222271,51133,47465,45812,49632,71328,64286
3678819,43568,100871,46059,158652,41489,41858,58299,46058,63393,45524
3683220,41022,45879,52811,99942,47650,43148,40498,50553,52134,45654
3683804,41858,167154,204558,218589,199697,214078,207770,216182,209441,214097
3687474,217738,224239,207770,217737,43627,217736,44986,246150,200792,49632
3688086,53414,54896,45524,122039,111336,43308,4177,58299,53586,225185
3688883,42471,46426,109559,42565,40951,45957,42537,45522,41485,49731
3689286,42888,103711,231018,222273,196468,45894,45781,222301,86149,59375
3690965,100871,110407,48321,59375,51155,111419,160398,51362,65073,44018
3704180,222272,87236,41858,34237,79713,48435,198277,204558,46058,109559
3706368,40163,40104,41385,45174,45172,41163,41110,45163,43124,41181
3713962,41489,43568,63393,47326,57239,237562,72843,44042,68409,43333
3714165,109559,42471,41489,42565,41485,42537,40951,42666,87980,108892
3715193,110407,100809,86149,65073,110408,42596,126538,123764,96069,66925
3720674,41567,48753,101166,111619,5412,106533,43627,111117,48584,106570
3733624,100871,48321,64238,43568,41552,63393,48311,114606,51362,113602
3739993,109559,41485,42471,40951,42565,109557,108892,40774,109539,109580
3744977,53852,188337,44046,101166,113910,41740,97466,96136,41552,43568
3752512,222271,41858,42595,107219,58966,96405,45894,222272,41743,64237
3758154,87984,114606,83965,42080,87982,79709,45578,51362,123762,110378
3768586,100163,45763,109559,45957,46426,40648,51818,50927,50064,40690
3789922,241484,41791,67520,41179,41301,41521,118648,198457,182745,48584
3799710,41485,40951,40480,40774,41174,40891,41205,46061,42471,42565
3803324,111117,111619,41743,241484,4177,222203,106533,44044,101049,222271
3813774,95734,52984,62839,43889,110411,105851,41740,45360,168358,54167
3817073,54896,122485,45517,108890,41435,109559,42565,41485,108892,40480
3838179,53586,71328,48852,101250,48877,55410,48121,105446,64145,45132
3848581,196468,46058,222301,48435,5739,95331,45518,106981,87982,34237
3879119,48700,108890,50672,130946,54047,100216,160241,42686,4739,42574
3879451,60149,53852,64237,204559,54896,48186,113910,114606,40159,19392
3882828,41161,45163,49565,45174,41299,40163,99942,41369,42078,45172
3883892,46059,58299,109559,100871,41485,79709,108892,87980,50555,42471
3896249,54896,45517,53414,45524,122485,225185,237776,241265,102868,93412
3900527,41858,167154,204558,218589,200792,205596,207770,188669,209441,214078
3901284,100871,43568,41858,64145,48321,3921,58299,115008,96405,71328
3919512,41858,167154,204558,200792,218589,214078,209441,214097,205596,199697
3923515,108890,41435,122485,122481,54896,45134,40104,43128,104201,45163
3930024,41485,40951,40774,40891,40480,41174,108892,41205,42565,48513
3932330,100655,45521,72843,204557,40466,66740,100871,108890,46250,237562
3934516,41858,115823,222271,46061,115215,41459,222272,111117,231018,47330
3947682,102402,104553,109559,42471,100809,40951,42537,40518,102026,41485
3948430,87984,83965,79709,87982,42080,46061,87980,41489,96210,41485
3953446,114606,84447,50516,41552,49632,48321,100923,241484,66616,194424
3960744,87990,45521,160241,122485,108890,48463,43340,40450,42686,48835
3995022,204557,160240,51264,108890,54896,100871,40775,204559,45521,4739
3995678,109559,42471,40951,42537,46426,42565,40518,45522,41485,42579
4027567,41552,83965,51362,87984,87982,100871,79709,109581,64238,63393
4031861,222271,42596,95331,110407,42546,96405,43228,44037,80500,42566
4041753,45521,46059,43867,198457,45523,41468,40551,51832,40575,5084
4043130,241484,41552,3917,222271,44036,50207,41555,43333,101418,40666
4044639,40159,54167,110058,113910,95695,79718,41740,100871,42598,114606
4048954,241484,41485,109559,40951,42471,41858,40891,42565,40774,40480
4049962,222271,42595,53586,42561,45894,196660,100104,220104,222209,48878
4054017,222271,73012,5739,3921,41858,42546,143878,115823,186513,42595
4064400,118327,92598,116524,40961,88913,41786,40626,51215,104122,49620
4069888,100871,41552,64238,110407,3921,41489,51155,48717,115579,65784
4073097,41385,44065,51476,46862,51818,45763,52814,45172,40648,45374
4078974,41485,40951,109559,40891,42471,40774,42565,40480,46061,41174
4086169,222271,96405,100871,47326,41552,43333,3921,50207,64238,84795
4088080,222272,225185,204558,44024,4177,5412,34237,41858,41743,87236
4110848,41485,40951,40891,40480,40774,42565,41174,41205,109559,109539
4118135,109559,41485,42471,40951,42565,40774,108892,40891,42537,40480
4123949,54896,43126,194424,44968,48311,43627,47328,42680,40705,44243
4152367,160398,100871,222301,196468,3921,67653,110407,41858,96405,42546
4154103,122485,133782,45521,45781,225185,87990,222272,45134,40450,96230
4155804,160398,41858,43568,41489,41485,42471,40951,109580,40891,42565
4164255,100163,50904,49505,51095,46823,45421,52814,44611,51476,50553
4171205,109559,41485,40951,42471,42565,40891,40774,40480,42537,108892
4171887,109559,42471,40951,42565,42537,41485,109557,40518,40774,46426
4178166,114606,51362,204559,41552,53852,79718,106538,602,41260,52924
4183031,42058,40595,40677,105927,80843,102650,98497,39738,48467,220104
4183760,160398,5739,214251,54167,56558,100871,42546,110407,64238,222301
4185084,40240,102650,46065,46064,130946,42561,188337,96905,50037,109581
4192601,43487,40165,42888,113427,55701,49603,102650,43877,40944,5237
4198473,41552,42596,41097,82482,38253,52393,40086,46072,187993,42878
4202133,43568,100871,41858,123764,160398,100810,45371,115008,68409,73007
4207938,83965,87982,87984,41489,86150,66740,40663,62995,158652,79709
4208501,160398,110407,68409,58299,43568,46059,158652,44208,47605,105949
4211868,108573,107219,96905,99838,100871,41173,44008,63393,172435,58966
4217478,160398,64145,47711,194680,43568,106570,123797,5307,127209,96136
4217607,108890,122481,41435,122485,200792,41555,40946,188514,3943,43137
4222556,101166,84447,41080,217738,49632,217737,217736,44046,43627,46504
4222767,100871,99094,222271,64238,108481,42595,115823,3921,41858,108573
4235440,100871,43568,160398,58299,115823,64145,115008,46059,43308,45894
4235994,45812,5307,46334,115215,172436,48321,47593,39309,43308,48489
4238694,41858,3921,43568,108481,77610,48489,111117,5307,222205,115823
4241737,41032,48186,48584,41173,41304,41027,41911,41179,5196,40921
4242307,40985,222272,41213,103716,103580,46524,43057,42611,49627,41759
4243895,222271,42596,110407,42595,42611,80500,46524,41990,41759,46072
4249183,46426,45957,45645,45763,51818,109559,45522,50927,40648,40690
4260370,99479,102402,104553,133782,50791,62544,48489,99936,45718,100441
4261072,41205,48513,41512,41792,41240,43865,40883,41149,40743,41439
4264338,113854,41456,92598,139595,51139,197654,112710,198457,112334,41356
4273506,109559,40951,46426,42471,42565,45957,41485,45522,42537,109580
4276264,41858,71328,111117,188669,64145,209073,216182,218589,3921,214078
4278683,158652,43568,41489,194424,41552,84447,44042,109578,83965,41555
4280484,41858,51362,19392,211488,115823,43308,110411,3921,95393,209073
4280825,54896,41802,48584,46061,48186,47330,19392,43638,41032,27322
4283243,41489,40724,40663,123764,42471,66740,87980,42565,40951,42537
4291072,93412,43627,54896,106570,41485,40951,41357,109559,41080,40891
4294074,109559,100809,42471,41489,40951,42596,41485,42537,4238,40518
4297736,101166,48753,176089,84447,216182,44046,41567,176095,219601,111619
4302387,50622,47326,47327,41097,158652,106383,84447,46504,200792,48337
4315268,41032,48584,41304,41179,41485,56964,41205,40891,40480,41174
4317860,40163,41163,41181,41110,41148,45163,41369,41077,45174,41503
4318802,216182,48753,96136,41858,204558,217738,56964,48584,217737,176095
4334799,222271,188337,40240,96905,45812,115215,41173,48584,42595,107219
4343028,200792,194389,133782,158652,199250,47326,198277,99049,45372,167154
4344283,41858,222272,115823,43853,40159,73012,222271,46061,79716,110459
4345994,42471,41485,109559,40951,42537,42565,40774,41174,40891,40480
4354616,43777,53969,43460,43771,43774,45905,50400,97453,42487,52586
4355563,198457,54167,41179,41791,113854,49621,44987,182745,53688,41027
4362238,40767,48164,4906,40100,41287,41183,41733,41729,42062,49633
4368935,42546,95331,222271,5739,54167,45596,222301,110407,42596,96405
4373194,93412,41435,45778,45163,41369,41163,41232,42820,41385,44065
4394196,98950,98654,102401,95758,98883,98956,98498,98944,98716,99007
4395642,41485,40951,109559,42471,42565,40774,42537,40891,40480,40518
4395654,133782,45645,46426,40648,45545,50927,46862,51818,51095,109559
4395969,98882,41802,48186,53002,114606,56969,53852,48584,41032,45347
4405165,109559,41485,42471,40951,42565,40774,40891,42537,40480,109557
4411804,41485,42471,40951,42565,40774,40891,42537,40480,108892,109557
4413435,93413,46058,54896,241265,42820,237776,52983,41435,47312,50555
4414710,241484,41791,41552,50638,84447,71328,54167,143878,200792,49632
4416546,41791,49632,104553,102020,101250,102402,42896,50412,45980,102018
4419302,43667,45151,45980,41342,45174,41374,45142,41340,41368,42483
4423124,100809,109559,42596,42471,46426,45645,42537,45522,40518,42565
4426298,84447,114606,200792,241484,119291,50516,100923,5312,98470,50626
4428444,93412,122481,54896,108890,122485,45517,41080,47327,160240,45778
4429549,42488,41036,49231,42501,40430,43397,43946,47737,41902,41384
4432632,241484,222271,71328,41791,64145,40666,54167,100809,41521,143878
4437121,41295,52532,101333,49984,42487,97453,43774,43777,40656,50400
4437981,41173,41566,97466,96412,48584,109835,41567,41182,44046,41027
4443752,46426,45645,51818,45522,45763,40648,40690,42537,46501,46848
4448932,160398,64145,43568,41858,47711,111117,71328,241484,115823,41740
4468708,45174,45172,41385,44065,41457,40163,102019,45163,41357,41340
4469818,115823,110058,41740,40159,41858,96136,111117,143878,113910,54167
4470069,102650,50037,45706,42561,39738,40991,51815,51159,97507,43487
4471212,44008,108573,42595,97145,53962,41173,53002,41549,40985,40240
4487328,45521,53586,54149,241265,98248,204558,204559,218298,110411,111592
4488527,50672,214252,114003,101142,98248,51308,41858,43308,133782,46334
4489645,46058,198457,43867,95331,41301,41056,121279,48033,109559,146946
4492929,48584,41032,53003,246150,216182,217738,121077,176089,217737,111117
4494368,41489,47326,109559,42596,65073,158652,100809,44042,42471,87980
4494737,101166,41567,48753,44046,217738,49632,84447,217737,41555,111619
4504569,41485,46061,40891,40951,109559,40774,40480,42471,108892,42565
4507374,51215,48337,50622,223253,87984,213276,40626,119714,40641,83965
4516122,41485,42471,42565,40951,40774,40480,42537,41174,41205,109539
4516680,45521,83965,47312,87984,109559,79709,42471,42776,87980,49140
4517881,241484,114606,41740,56969,41552,67520,66616,48311,114193,50516
4518312,49763,42896,40467,40596,40557,104553,47480,45170,45410,41457
4525173,41304,41032,48584,43670,48186,96577,41027,49286,48324,41077
4527625,41301,4095,5084,43349,40767,40100,43670,41462,41733,41401
4557193,160398,40663,123764,43568,214251,45371,100810,63393,113602,56558
4557230,64237,53586,41858,214252,45521,122039,241265,19392,133782,222272
4558722,198457,50898,96325,187993,48033,146946,47252,40646,5084,121279
4564002,50753,46936,58299,50555,95422,107047,115008,105057,208007,58304
4565053,41173,101166,48584,41032,134459,106533,41567,5196,41027,48753
4571819,41485,40774,41174,40480,41205,40951,42565,41512,109557,42537
4577739,100871,66740,86150,113602,88973,81285,87982,62995,40663,158652
4577836,51818,52814,51095,45645,40648,46862,100163,50927,46825,50064
4578769,41357,40902,41389,43627,41220,45151,41444,41080,93412,41340
4583127,50672,108890,4739,121299,54896,45347,40466,100216,54047,48485
4584804,104553,102402,40467,45238,45168,102019,102026,46568,41457,48960
4589633,40163,41181,41163,41110,41385,41369,41342,45174,41232,45163
4600662,133782,45134,122485,48446,70294,108890,122038,40450,106533,43679
4603764,40677,5084,48698,40631,47252,46856,38537,48775,58304,106686
4604905,84508,204559,207770,19392,98882,52924,53585,206118,134459,216225
4605528,5412,117433,64145,111117,196525,123797,160398,41160,111619,5307
4618455,48890,5084,51832,146946,4816,43875,48739,53201,40227,47755
4623787,41485,109559,46061,40951,40891,40774,42471,40480,108892,42565
4626156,109559,41485,42471,40951,42565,40774,108892,40891,42537,40480
4632344,108890,54896,122485,122481,45517,51264,4739,93412,133782,45521
4634760,41485,41205,40480,40774,41174,40951,40891,38538,41512,42027
4635397,84447,109578,122295,121387,87982,214251,158652,86150,15765,41928
4636692,41858,160398,3921,209073,64145,71328,95393,5307,43308,196468
4637493,109559,108338,109557,46426,110093,109582,109539,109580,108891,105669
4641640,43568,41552,41489,48321,64238,41858,114606,100871,222271,160398
4646561,108573,109559,41485,40951,40774,42471,40891,109557,42565,42537
4650736,41489,109559,42471,41485,40951,42537,42565,42666,40518,4238
4659853,109559,41485,40951,42471,42565,40891,40774,42537,40518,40480
4661530,48463,48700,43057,40086,160241,42596,40641,41097,87984,45521
4662028,83965,87984,86150,158652,110378,46059,102871,45521,40724,109578
4664498,106533,101166,48753,41555,47330,43635,111619,66944,40985,44046
4674330,43568,158652,71328,110360,44988,45150,47326,200792,99479,106570
4683283,48323,46059,58299,50555,46058,114177,52984,110411,45518,105949
4688532,97465,95213,157882,98882,40985,99766,45956,40240,122481,48186
4697069,87984,45578,40641,41210,42609,83965,40511,88913,56971,48513
4697796,52393,50553,45421,52605,52134,44037,43148,47290,41022,44611
4716202,133782,93412,110425,108890,45517,122485,41489,109559,40724,42471
4723743,40666,71328,44044,111117,3938,64145,3917,44046,49632,41740
4731108,46059,109559,46058,160398,41485,58299,53414,109532,109580,105949
4741133,41858,46061,40951,40891,42471,40774,40480,42565,5412,108892
4742870,42596,42503,41746,46524,2996,41394,42877,47290,47344,42481
4743644,108573,41485,109559,42471,40774,40891,40951,108892,40480,41174
4748077,41485,109559,40951,42471,42565,40774,40480,40891,109539,109557
4752415,41858,64145,115823,111117,41740,46061,71328,48584,106570,216182
4753139,160398,41489,43568,109559,123787,108481,63393,59375,41485,3921
4761888,48584,222271,41160,41304,111117,231012,100809,41241,42546,222209
4769782,41185,41357,241320,44968,40902,41441,41371,45231,41438,41403
4774879,109559,41485,40951,42471,40891,42565,40774,42537,41191,40518
4777820,40767,48584,40951,40691,48917,38538,41174,41077,4095,41729
4784056,87990,77557,50672,187498,41295,222273,40466,110813,43333,110407
4789427,48584,41304,41179,41032,40240,41173,53962,41027,46061,48186
4789628,109559,41485,42471,40951,40891,108892,42565,40774,40480,109539
4802876,160398,5739,54167,56558,214251,42546,64145,222301,196468,180351
4807717,102402,40434,102026,42596,63515,104553,100809,170661,40673,40666
4815596,225185,40985,122481,106533,41567,43679,42600,4739,108890,95938
4818025,44042,4739,237562,204557,72843,109581,116790,66740,100655,96905
4819232,42566,44037,80500,42596,49598,47292,41746,46524,49630,203056
4832517,40902,41080,43627,43679,41170,51026,45150,41567,41302,101973
4835889,109005,110093,108338,108066,110506,51839,110409,109035,48545,107929
4843188,44135,204559,51264,45521,160240,122481,169003,70345,64237,53412
4846834,109559,41485,42471,40951,42565,109557,40774,42537,108892,40891
4861925,110407,46059,100871,54166,66740,158652,65073,44018,111419,83899
4870477,79716,96577,48584,98882,115823,95734,19392,134459,52924,95337
4874859,5084,43472,43875,43349,40631,43692,104573,3850,3926,44038
4876665,40163,41385,45174,45163,41369,45172,41110,41161,95752,42078
4877920,109559,41485,42471,109580,40951,42565,46426,109557,42537,45522
4878969,42471,46426,109559,42537,45522,46501,42565,40518,45957,40951
4889248,41858,222271,96405,222273,3921,68409,45894,43333,43568,47326
4891090,49623,40673,40861,49627,59791,40675,49624,43124,46524,42514
4893504,196518,41555,41567,101166,204559,106533,84447,237562,204557,41552
4896370,160398,100810,42546,100871,96405,5739,41743,111117,41858,42595
4906072,63393,44042,43568,41489,97465,41555,100810,24857,64238,109581
4911397,40985,5412,44024,41173,106533,43679,100451,48584,41277,222272
4919709,42596,100809,66925,52393,52605,45421,50553,101465,47289,52134
4922628,43139,43146,43126,43627,45150,42563,194424,43089,102087,42817
4924525,41385,40163,45174,45172,41110,45163,41163,41342,41369,41130
4926698,41485,40951,42471,40774,40480,42565,40891,41174,42537,109559
4928655,41555,44042,106533,188337,101418,84447,50207,196518,43568,41552
4933594,241484,160398,47711,41740,48321,71328,99094,194680,54167,111117
4935278,222271,96412,96905,41555,204559,50207,41552,119291,101418,96405
4937722,41858,108573,43568,63393,100810,100871,115823,40945,41743,111117
4938281,43634,100846,200792,46504,122373,87992,126349,225185,40889,182636
4939121,54896,64237,45521,102868,237776,110411,19392,204558,45524,237598
4949346,110411,45521,51362,64237,19392,100871,94314,140651,50672,98248
4962106,41304,41485,41174,40480,41179,38538,40774,41205,40951,40891
4966550,93412,109559,108890,42471,41485,40951,133782,42565,40891,45517
4972851,109559,41485,42471,40951,40891,42565,40774,41489,40480,42537
4979746,41503,43670,41077,40088,43669,4095,49286,41099,41032,41785
4981028,51095,100163,49505,45645,51818,40648,50927,44611,45545,50064
4986681,51362,204559,114606,187498,100655,41260,41552,100871,44135,49668
4992887,53852,204559,48186,41173,41027,96905,134459,110058,64237,113910
4997843,222272,40705,40985,43679,19392,225185,70294,108890,54896,157882
4998335,41485,109559,42471,40951,42565,40774,108892,109539,40480,40891
5000753,47593,43005,47736,196660,166390,50424,99893,176683,101364,47766
5001591,102650,98950,41802,46334,95734,48323,98883,64145,41178,53002
5002348,44037,50416,50553,46823,49598,45654,50114,51095,2996,50678
5022575,54896,122464,246150,64237,52984,241265,106982,53414,48195,53586
5027818,108890,48700,44036,87940,46568,40596,46577,40240,42896,51133
5031197,101250,97455,40677,101121,48698,48852,45174,48121,169463,51832
5035228,48321,51155,51362,41552,111419,187498,602,99094,100871,169754
5039478,109559,42471,41485,42537,40951,42565,40774,46426,109557,40480
5039949,45174,40163,41110,41385,41181,45172,41342,41382,43499,41130
5042368,45170,52393,43061,48925,40656,46192,42078,45421,40352,49984
5043837,41858,109559,41485,41489,46061,42471,40951,40891,108892,42565
5047391,222271,43333,204559,187498,100871,44135,19392,160589,42595,41295
5051874,43568,41489,110407,41858,100871,65073,158652,47326,68409,160398
5052330,108573,41858,41485,79709,109559,42471,40891,40951,87980,40774
5056582,160398,41858,196468,219993,71328,101168,43568,205025,3921,209073
5057627,48890,51832,47755,99162,5084,146946,187993,40874,3850,105573
5061447,100810,100871,43568,42546,68409,222271,96405,63393,41858,72843
5065179,113910,110058,40159,41173,41027,48186,60149,64237,22747,53852
5071832,41729,43296,41733,43349,40100,40767,41401,41462,50038,41183
5072702,110408,200414,58314,53586,52811,101326,47766,166390,47736,43005
5073011,48489,222205,43627,247547,162683,99479,50791,48446,99936,41858
5073990,100871,108573,88973,100313,57577,99094,40663,100362,98101,100635
5076248,109559,41485,42471,40951,42565,108892,40774,40891,40480,109539
5078050,41858,48753,101166,41567,43568,48584,106570,115823,214750,47330
5082700,43627,51026,48446,45150,41302,48489,50791,40902,99479,45138
5084206,50672,187498,98882,99094,57577,97145,45347,119289,41260,52924
5089756,41173,41032,48186,48317,41027,117281,5196,113910,40921,50063
5095670,200792,40450,169003,47326,204557,122038,108890,237562,59814,46568
5105133,64145,48775,98733,48698,119103,48852,105446,48877,45143,40677
5107448,49621,41198,40124,40851,41911,41036,41553,41027,198459,41151
5108215,167154,41858,204558,218589,200792,205596,209441,48435,199697,214078
5119214,110813,42596,40673,109581,44008,41394,42471,40675,4238,41489
5122809,41489,87980,79709,109559,63393,42471,87984,41485,100871,57577
5137205,53586,97507,102650,55410,48121,100237,100104,114003,46334,220104
5139028,41552,48321,84447,241484,97974,64238,3917,48183,188337,49632
5145119,109559,42471,46426,45522,42537,45645,45763,42565,109557,45957
5147107,46059,158652,42563,83965,41489,87982,40724,86150,87984,51362
5148737,222301,42598,42595,59375,100871,95331,42546,196468,105395,222271
5154905,109559,42471,42537,46426,45645,40518,40951,45522,45957,4238
5169001,46426,45957,45763,42565,49055,45522,51818,45645,109557,40951
5169491,108890,54896,54047,40890,45523,54885,102867,48121,3697,53646
5171802,42595,107219,222271,97651,53962,95337,115215,160589,222273,231018
5172866,40951,42565,46426,42537,40774,41174,49055,42471,40480,109557
5174948,109581,44042,101418,41489,43333,40673,40644,40861,110813,59791
5176269,42598,220101,115823,41858,98880,98631,48584,98824,41944,96577
5178671,160398,241484,47685,45603,4191,47711,48468,123787,241301,241879
5180578,106533,40240,40985,134459,19392,222272,97465,47330,65814,138506
5188126,94306,50672,43308,5307,94307,41858,54896,102650,112304,99142
5188419,45371,42888,40945,46936,105290,43228,208007,105924,105057,45985
5193116,63393,123764,100871,73007,45371,110515,88973,40663,110407,66740
5193922,41858,5412,4177,47330,48584,111117,40945,41743,48753,106533
5197912,110407,42596,95331,124962,109559,78657,87154,50553,52605,52393
5204247,42595,96405,41858,73012,43333,45894,41743,222272,160589,70341
5204537,38538,40480,41512,41205,41174,40774,41485,41240,40695,40299
